StartTime,EndTime,FilteredVolume,FilteredDuration,FilteredFlowRate,OriginalVolume,OriginalDuration,OriginalFlowRate,Number_of_peaks,Peak_Value,Cluster
2019-10-04 13:11:10,2019-10-04 13:15:10,9.613989,4.0,2.40349725,10.862559000000001,4.0,2.7156397500000002,2,4,0
2019-10-04 13:15:58,2019-10-04 13:18:30,20.143596000000002,2.533333333333333,7.951419473684211,21.22569,2.533333333333333,8.378561842105263,1,14,4
2019-10-04 13:22:26,2019-10-04 13:24:46,20.559786000000003,2.3333333333333335,8.811336857142857,21.683499,2.3333333333333335,9.292928142857143,1,16,4
2019-10-04 13:25:58,2019-10-04 13:28:38,24.971400000000003,2.6666666666666665,9.364275000000001,25.554066000000002,2.6666666666666665,9.582774750000002,2,17,4
2019-10-04 13:29:18,2019-10-04 13:32:30,30.423489000000004,3.2,9.5073403125,30.756441000000002,3.2,9.6113878125,2,17,4
2019-10-04 13:32:42,2019-10-04 13:35:30,23.722830000000002,2.8,8.472439285714287,25.262733,2.8,9.022404642857143,1,15,4
2019-10-04 15:21:30,2019-10-04 15:22:30,1.9977120000000002,1.0,1.9977120000000002,2.2474260000000004,1.0,2.2474260000000004,3,4,0
2019-10-04 16:30:38,2019-10-04 16:31:34,1.956093,0.9333333333333333,2.095813928571429,2.205807,0.9333333333333333,2.363364642857143,1,4,0
2019-10-04 17:11:18,2019-10-04 17:11:54,2.1225690000000004,0.6,3.5376150000000006,2.2474260000000004,0.6,3.7457100000000008,0,9,3
2019-10-04 17:47:10,2019-10-04 17:48:30,3.662472,1.3333333333333333,2.7468540000000004,4.0786620000000005,1.3333333333333333,3.0589965000000006,1,5,0
2019-10-04 17:51:14,2019-10-04 17:51:46,0.332952,0.5333333333333333,0.6242850000000001,0.457809,0.5333333333333333,0.858391875,0,1,1
2019-10-04 17:52:26,2019-10-04 17:52:34,0.083238,0.13333333333333333,0.6242850000000001,0.12485700000000001,0.13333333333333333,0.9364275000000001,0,0,1
2019-10-04 20:51:22,2019-10-04 20:51:58,2.0393310000000002,0.6,3.3988850000000004,2.205807,0.6,3.6763450000000004,0,9,3
2019-10-04 21:06:14,2019-10-04 21:06:38,0.24971400000000002,0.4,0.624285,0.457809,0.4,1.1445224999999999,0,1,1
2019-10-04 21:49:34,2019-10-04 21:50:54,2.91333,1.3333333333333333,2.1849975,3.4959960000000003,1.3333333333333333,2.6219970000000004,1,4,0
2019-10-05 05:32:38,2019-10-05 05:33:54,2.830092,1.2666666666666666,2.234283157894737,3.537615,1.2666666666666666,2.7928539473684215,2,4,0
2019-10-05 07:03:46,2019-10-05 07:04:46,1.9977120000000002,1.0,1.9977120000000002,2.205807,1.0,2.205807,1,4,0
2019-10-05 07:47:46,2019-10-05 07:49:02,2.91333,1.2666666666666666,2.299997368421053,3.662472,1.2666666666666666,2.891425263157895,1,4,0
2019-10-05 08:04:02,2019-10-05 08:04:10,0.083238,0.13333333333333333,0.6242850000000001,0.083238,0.13333333333333333,0.6242850000000001,0,0,1
2019-10-05 08:05:18,2019-10-05 08:05:30,0.12485700000000001,0.2,0.624285,0.166476,0.2,0.83238,0,0,1
2019-10-05 08:13:54,2019-10-05 08:13:58,0.041619,0.06666666666666667,0.6242850000000001,0.041619,0.06666666666666667,0.6242850000000001,0,0,1
2019-10-05 08:22:18,2019-10-05 08:22:54,0.37457100000000004,0.6,0.6242850000000001,0.6242850000000001,0.6,1.0404750000000003,0,1,1
2019-10-05 08:28:38,2019-10-05 08:29:38,2.1225690000000004,1.0,2.1225690000000004,2.413902,1.0,2.413902,3,4,0
2019-10-05 08:38:38,2019-10-05 08:38:46,0.083238,0.13333333333333333,0.6242850000000001,0.12485700000000001,0.13333333333333333,0.9364275000000001,0,0,1
2019-10-05 08:59:26,2019-10-05 08:59:42,0.166476,0.26666666666666666,0.6242850000000001,0.20809500000000003,0.26666666666666666,0.7803562500000001,0,1,1
2019-10-05 09:04:06,2019-10-05 09:04:26,0.20809500000000003,0.3333333333333333,0.6242850000000001,0.291333,0.3333333333333333,0.8739990000000001,0,1,1
2019-10-05 09:18:54,2019-10-05 09:21:30,9.031323,2.6,3.4735857692307692,10.155036,2.6,3.9057830769230772,1,6,3
2019-10-05 09:37:14,2019-10-05 09:37:30,0.166476,0.26666666666666666,0.6242850000000001,0.24971400000000002,0.26666666666666666,0.9364275000000001,0,1,1
2019-10-05 09:37:42,2019-10-05 09:38:18,0.37457100000000004,0.6,0.6242850000000001,0.6242850000000001,0.6,1.0404750000000003,0,1,1
2019-10-05 09:45:42,2019-10-05 09:47:02,2.954949,1.3333333333333333,2.2162117500000003,3.537615,1.3333333333333333,2.6532112500000005,1,4,0
2019-10-05 10:19:34,2019-10-05 10:19:58,0.24971400000000002,0.4,0.624285,0.41619000000000006,0.4,1.040475,0,1,1
2019-10-05 10:39:06,2019-10-05 10:39:30,0.24971400000000002,0.4,0.624285,0.37457100000000004,0.4,0.9364275000000001,0,1,1
2019-10-05 10:42:14,2019-10-05 10:42:58,2.413902,0.7333333333333333,3.291684545454546,2.705235,0.7333333333333333,3.6889568181818184,0,10,3
2019-10-05 11:19:34,2019-10-05 11:20:34,1.956093,1.0,1.956093,2.205807,1.0,2.205807,2,4,0
2019-10-05 11:29:02,2019-10-05 11:30:06,0.665904,1.0666666666666667,0.6242850000000001,1.1237130000000002,1.0666666666666667,1.0534809375000003,0,1,1
2019-10-05 11:31:38,2019-10-05 11:32:34,1.9144740000000002,0.9333333333333333,2.051222142857143,2.205807,0.9333333333333333,2.363364642857143,2,4,0
2019-10-05 11:48:26,2019-10-05 11:49:26,1.9144740000000002,1.0,1.9144740000000002,2.205807,1.0,2.205807,2,4,0
2019-10-05 11:57:30,2019-10-05 11:57:38,0.083238,0.13333333333333333,0.6242850000000001,0.12485700000000001,0.13333333333333333,0.9364275000000001,0,0,1
2019-10-05 11:59:02,2019-10-05 11:59:10,0.083238,0.13333333333333333,0.6242850000000001,0.12485700000000001,0.13333333333333333,0.9364275000000001,0,0,1
2019-10-05 13:54:18,2019-10-05 13:55:18,2.3722830000000004,1.0,2.3722830000000004,2.705235,1.0,2.705235,3,5,0
2019-10-05 16:05:42,2019-10-05 16:06:42,1.831236,1.0,1.831236,2.205807,1.0,2.205807,3,4,0
2019-10-05 16:31:42,2019-10-05 16:33:10,3.3295200000000005,1.4666666666666666,2.270127272727273,4.037043000000001,1.4666666666666666,2.7525293181818187,2,4,0
2019-10-05 17:15:14,2019-10-05 17:15:30,0.166476,0.26666666666666666,0.6242850000000001,0.20809500000000003,0.26666666666666666,0.7803562500000001,0,1,1
2019-10-05 17:15:54,2019-10-05 17:17:50,1.206951,1.9333333333333333,0.6242850000000001,1.831236,1.9333333333333333,0.9471910344827587,0,1,1
2019-10-05 17:18:38,2019-10-05 17:19:22,0.457809,0.7333333333333333,0.6242850000000001,0.665904,0.7333333333333333,0.9080509090909092,0,1,1
2019-10-05 17:32:14,2019-10-05 17:37:14,15.066078000000001,5.0,3.0132156,15.856839,5.0,3.1713678,2,5,5
2019-10-05 18:37:46,2019-10-05 18:38:46,1.956093,1.0,1.956093,2.1641880000000002,1.0,2.1641880000000002,2,4,0
2019-10-05 18:43:18,2019-10-05 18:44:18,1.7896170000000002,1.0,1.7896170000000002,2.205807,1.0,2.205807,2,4,0
2019-10-05 19:12:50,2019-10-05 19:14:22,0.9572370000000001,1.5333333333333334,0.624285,1.415046,1.5333333333333334,0.9228560869565217,0,1,1
2019-10-05 19:16:38,2019-10-05 19:17:10,0.332952,0.5333333333333333,0.6242850000000001,0.49942800000000004,0.5333333333333333,0.9364275000000001,0,1,1
2019-10-05 19:17:42,2019-10-05 19:17:46,0.041619,0.06666666666666667,0.6242850000000001,0.041619,0.06666666666666667,0.6242850000000001,0,0,1
2019-10-05 19:18:06,2019-10-05 19:18:22,0.166476,0.26666666666666666,0.6242850000000001,0.24971400000000002,0.26666666666666666,0.9364275000000001,0,1,1
2019-10-05 19:19:58,2019-10-05 19:20:18,0.20809500000000003,0.3333333333333333,0.6242850000000001,0.332952,0.3333333333333333,0.9988560000000001,0,1,1
2019-10-05 19:25:14,2019-10-05 19:25:30,0.166476,0.26666666666666666,0.6242850000000001,0.24971400000000002,0.26666666666666666,0.9364275000000001,0,1,1
2019-10-05 19:25:54,2019-10-05 19:26:22,0.291333,0.4666666666666667,0.624285,0.41619000000000006,0.4666666666666667,0.8918357142857144,0,1,1
2019-10-05 19:26:58,2019-10-05 19:27:14,0.166476,0.26666666666666666,0.6242850000000001,0.24971400000000002,0.26666666666666666,0.9364275000000001,0,1,1
2019-10-05 19:28:10,2019-10-05 19:30:10,1.2485700000000002,2.0,0.6242850000000001,2.1641880000000002,2.0,1.0820940000000001,0,1,1
2019-10-05 19:57:10,2019-10-05 19:57:38,0.291333,0.4666666666666667,0.624285,0.49942800000000004,0.4666666666666667,1.0702028571428572,0,1,1
2019-10-05 20:30:54,2019-10-05 20:31:06,0.12485700000000001,0.2,0.624285,0.166476,0.2,0.83238,0,0,1
2019-10-05 20:31:26,2019-10-05 20:31:50,0.41619000000000006,0.4,1.040475,0.5410470000000001,0.4,1.3526175,1,2,1
2019-10-05 20:37:34,2019-10-05 20:38:26,0.5410470000000001,0.8666666666666667,0.6242850000000001,0.8323800000000001,0.8666666666666667,0.9604384615384617,0,1,1
2019-10-05 20:54:06,2019-10-05 20:54:26,0.20809500000000003,0.3333333333333333,0.6242850000000001,0.24971400000000002,0.3333333333333333,0.7491420000000001,0,1,1
2019-10-05 21:19:54,2019-10-05 21:20:02,0.083238,0.13333333333333333,0.6242850000000001,0.12485700000000001,0.13333333333333333,0.9364275000000001,0,0,1
2019-10-05 21:26:10,2019-10-05 21:27:06,1.9144740000000002,0.9333333333333333,2.051222142857143,2.1641880000000002,0.9333333333333333,2.318772857142857,2,4,0
2019-10-05 21:37:10,2019-10-05 21:40:18,6.991992000000001,3.1333333333333333,2.2314868085106387,8.240562,3.1333333333333333,2.629966595744681,5,4,0
2019-10-05 21:42:38,2019-10-05 21:42:46,0.083238,0.13333333333333333,0.6242850000000001,0.12485700000000001,0.13333333333333333,0.9364275000000001,0,0,1
2019-10-05 21:48:42,2019-10-05 21:50:02,2.954949,1.3333333333333333,2.2162117500000003,3.5792340000000005,1.3333333333333333,2.6844255000000006,1,4,0
2019-10-05 21:50:46,2019-10-05 21:50:50,0.041619,0.06666666666666667,0.6242850000000001,0.041619,0.06666666666666667,0.6242850000000001,0,0,1
2019-10-05 21:53:34,2019-10-05 21:54:10,2.2474260000000004,0.6,3.7457100000000008,2.455521,0.6,4.092535000000001,1,9,3
2019-10-05 22:00:22,2019-10-05 22:00:26,0.041619,0.06666666666666667,0.6242850000000001,0.0,0.06666666666666667,0.0,0,0,1
2019-10-05 22:00:30,2019-10-05 22:00:38,0.083238,0.13333333333333333,0.6242850000000001,0.083238,0.13333333333333333,0.6242850000000001,0,0,1
2019-10-05 22:01:46,2019-10-05 22:02:02,0.166476,0.26666666666666666,0.6242850000000001,0.20809500000000003,0.26666666666666666,0.7803562500000001,0,1,1
2019-10-05 22:29:26,2019-10-05 22:29:58,0.332952,0.5333333333333333,0.6242850000000001,0.5410470000000001,0.5333333333333333,1.014463125,0,1,1
2019-10-05 23:50:54,2019-10-05 23:52:10,3.412758,1.2666666666666666,2.6942826315789477,3.537615,1.2666666666666666,2.7928539473684215,2,5,0
2019-10-06 06:44:14,2019-10-06 06:45:18,2.0393310000000002,1.0666666666666667,1.9118728125000002,2.2474260000000004,1.0666666666666667,2.1069618750000005,1,4,0
2019-10-06 08:03:02,2019-10-06 08:04:22,3.4543770000000005,1.3333333333333333,2.5907827500000007,3.9954240000000003,1.3333333333333333,2.9965680000000003,4,5,0
2019-10-06 08:14:06,2019-10-06 08:14:26,0.20809500000000003,0.3333333333333333,0.6242850000000001,0.24971400000000002,0.3333333333333333,0.7491420000000001,0,1,1
2019-10-06 08:16:34,2019-10-06 08:16:46,0.12485700000000001,0.2,0.624285,0.12485700000000001,0.2,0.624285,0,0,1
2019-10-06 08:20:10,2019-10-06 08:21:10,1.8728550000000002,1.0,1.8728550000000002,2.205807,1.0,2.205807,3,4,0
2019-10-06 08:21:22,2019-10-06 08:21:30,0.083238,0.13333333333333333,0.6242850000000001,0.12485700000000001,0.13333333333333333,0.9364275000000001,0,0,1
2019-10-06 08:25:22,2019-10-06 08:25:30,0.083238,0.13333333333333333,0.6242850000000001,0.12485700000000001,0.13333333333333333,0.9364275000000001,0,0,1
2019-10-06 08:25:50,2019-10-06 08:26:10,0.20809500000000003,0.3333333333333333,0.6242850000000001,0.24971400000000002,0.3333333333333333,0.7491420000000001,0,1,1
2019-10-06 08:28:14,2019-10-06 08:28:30,0.166476,0.26666666666666666,0.6242850000000001,0.166476,0.26666666666666666,0.6242850000000001,0,1,1
2019-10-06 08:28:42,2019-10-06 08:28:50,0.083238,0.13333333333333333,0.6242850000000001,0.12485700000000001,0.13333333333333333,0.9364275000000001,0,0,1
2019-10-06 08:48:38,2019-10-06 08:51:30,1.7896170000000002,2.8666666666666667,0.6242850000000001,3.079806,2.8666666666666667,1.0743509302325582,0,1,1
2019-10-06 08:52:14,2019-10-06 08:52:26,0.12485700000000001,0.2,0.624285,0.12485700000000001,0.2,0.624285,0,0,1
2019-10-06 08:53:42,2019-10-06 08:54:46,0.665904,1.0666666666666667,0.6242850000000001,1.1237130000000002,1.0666666666666667,1.0534809375000003,0,1,1
2019-10-06 08:56:10,2019-10-06 08:56:58,0.49942800000000004,0.8,0.624285,0.7491420000000001,0.8,0.9364275000000001,0,1,1
2019-10-06 09:03:02,2019-10-06 09:03:10,0.083238,0.13333333333333333,0.6242850000000001,0.083238,0.13333333333333333,0.6242850000000001,0,0,1
2019-10-06 09:40:42,2019-10-06 09:42:02,3.537615,1.3333333333333333,2.6532112500000005,3.9954240000000003,1.3333333333333333,2.9965680000000003,1,5,0
2019-10-06 11:01:10,2019-10-06 11:02:10,1.8728550000000002,1.0,1.8728550000000002,2.205807,1.0,2.205807,3,4,0
2019-10-06 11:02:30,2019-10-06 11:03:50,3.5792340000000005,1.3333333333333333,2.6844255000000006,3.787329,1.3333333333333333,2.8404967500000002,2,5,0
2019-10-06 11:04:10,2019-10-06 11:13:14,11.320368,9.066666666666666,1.24857,15.190935000000001,9.066666666666666,1.6754707720588238,2,2,5
2019-10-06 11:41:02,2019-10-06 11:41:22,0.20809500000000003,0.3333333333333333,0.6242850000000001,0.291333,0.3333333333333333,0.8739990000000001,0,1,1
2019-10-06 11:41:38,2019-10-06 11:41:50,0.12485700000000001,0.2,0.624285,0.166476,0.2,0.83238,0,0,1
2019-10-06 11:42:46,2019-10-06 11:42:58,0.12485700000000001,0.2,0.624285,0.12485700000000001,0.2,0.624285,0,0,1
2019-10-06 12:01:38,2019-10-06 12:02:58,2.954949,1.3333333333333333,2.2162117500000003,3.537615,1.3333333333333333,2.6532112500000005,1,4,0
2019-10-06 13:16:22,2019-10-06 13:16:34,0.12485700000000001,0.2,0.624285,0.12485700000000001,0.2,0.624285,0,0,1
2019-10-06 13:38:58,2019-10-06 13:39:02,0.041619,0.06666666666666667,0.6242850000000001,0.0,0.06666666666666667,0.0,0,0,1
2019-10-06 13:39:18,2019-10-06 13:39:30,0.12485700000000001,0.2,0.624285,0.20809500000000003,0.2,1.040475,0,0,1
2019-10-06 14:07:42,2019-10-06 14:07:46,0.041619,0.06666666666666667,0.6242850000000001,0.041619,0.06666666666666667,0.6242850000000001,0,0,1
2019-10-06 14:36:58,2019-10-06 14:38:18,3.5792340000000005,1.3333333333333333,2.6844255000000006,3.787329,1.3333333333333333,2.8404967500000002,2,5,0
2019-10-06 15:04:10,2019-10-06 15:05:10,1.956093,1.0,1.956093,2.2474260000000004,1.0,2.2474260000000004,3,4,0
2019-10-06 15:53:46,2019-10-06 15:54:42,1.8728550000000002,0.9333333333333333,2.0066303571428574,2.205807,0.9333333333333333,2.363364642857143,3,4,0
2019-10-06 17:22:22,2019-10-06 17:22:38,0.166476,0.26666666666666666,0.6242850000000001,0.20809500000000003,0.26666666666666666,0.7803562500000001,0,1,1
2019-10-06 17:44:42,2019-10-06 17:46:22,1.040475,1.6666666666666667,0.624285,1.8728550000000002,1.6666666666666667,1.123713,0,1,1
2019-10-06 17:54:34,2019-10-06 17:54:46,0.12485700000000001,0.2,0.624285,0.166476,0.2,0.83238,0,0,1
2019-10-06 18:12:46,2019-10-06 18:13:26,0.41619000000000006,0.6666666666666666,0.6242850000000001,0.665904,0.6666666666666666,0.9988560000000001,0,1,1
2019-10-06 18:14:30,2019-10-06 18:15:18,0.49942800000000004,0.8,0.624285,0.915618,0.8,1.1445224999999999,0,1,1
2019-10-06 18:15:54,2019-10-06 18:16:34,0.41619000000000006,0.6666666666666666,0.6242850000000001,0.665904,0.6666666666666666,0.9988560000000001,0,1,1
2019-10-06 18:19:46,2019-10-06 18:25:22,3.4959960000000003,5.6,0.6242850000000001,6.159612,5.6,1.0999307142857144,0,1,1
2019-10-06 18:55:30,2019-10-06 18:55:34,0.041619,0.06666666666666667,0.6242850000000001,0.041619,0.06666666666666667,0.6242850000000001,0,0,1
2019-10-06 19:01:22,2019-10-06 19:01:54,1.8728550000000002,0.5333333333333333,3.511603125,2.1641880000000002,0.5333333333333333,4.0578525,0,9,3
2019-10-06 19:30:30,2019-10-06 19:31:46,2.91333,1.2666666666666666,2.299997368421053,3.6208530000000003,1.2666666666666666,2.8585681578947373,1,4,0
2019-10-06 19:46:06,2019-10-06 19:46:14,0.083238,0.13333333333333333,0.6242850000000001,0.12485700000000001,0.13333333333333333,0.9364275000000001,0,0,1
2019-10-06 20:02:38,2019-10-06 20:03:34,1.831236,0.9333333333333333,1.9620385714285715,2.205807,0.9333333333333333,2.363364642857143,3,4,0
2019-10-06 20:16:10,2019-10-06 20:16:42,0.332952,0.5333333333333333,0.6242850000000001,0.457809,0.5333333333333333,0.858391875,0,1,1
2019-10-06 20:24:30,2019-10-06 20:24:38,0.083238,0.13333333333333333,0.6242850000000001,0.12485700000000001,0.13333333333333333,0.9364275000000001,0,0,1
2019-10-06 20:27:50,2019-10-06 20:27:58,0.083238,0.13333333333333333,0.6242850000000001,0.12485700000000001,0.13333333333333333,0.9364275000000001,0,0,1
2019-10-06 20:54:46,2019-10-06 20:54:58,0.12485700000000001,0.2,0.624285,0.166476,0.2,0.83238,0,0,1
2019-10-06 20:59:26,2019-10-06 21:00:46,2.9965680000000003,1.3333333333333333,2.2474260000000004,3.662472,1.3333333333333333,2.7468540000000004,1,4,0
2019-10-06 21:29:26,2019-10-06 21:29:42,0.166476,0.26666666666666666,0.6242850000000001,0.20809500000000003,0.26666666666666666,0.7803562500000001,0,1,1
2019-10-06 22:20:26,2019-10-06 22:21:42,3.537615,1.2666666666666666,2.7928539473684215,3.7040910000000005,1.2666666666666666,2.924282368421053,2,5,0
2019-10-07 05:16:54,2019-10-07 05:17:54,1.956093,1.0,1.956093,2.205807,1.0,2.205807,2,4,0
2019-10-07 06:16:18,2019-10-07 06:16:30,0.12485700000000001,0.2,0.624285,0.166476,0.2,0.83238,0,0,1
2019-10-07 06:22:46,2019-10-07 06:23:22,2.289045,0.6,3.8150750000000007,2.413902,0.6,4.02317,1,9,3
2019-10-07 06:25:22,2019-10-07 06:25:42,0.20809500000000003,0.3333333333333333,0.6242850000000001,0.37457100000000004,0.3333333333333333,1.1237130000000002,0,1,1
2019-10-07 06:54:38,2019-10-07 06:54:42,0.041619,0.06666666666666667,0.6242850000000001,0.041619,0.06666666666666667,0.6242850000000001,0,0,1
2019-10-07 06:55:54,2019-10-07 06:56:10,0.166476,0.26666666666666666,0.6242850000000001,0.20809500000000003,0.26666666666666666,0.7803562500000001,0,1,1
2019-10-07 07:03:50,2019-10-07 07:04:10,0.20809500000000003,0.3333333333333333,0.6242850000000001,0.291333,0.3333333333333333,0.8739990000000001,0,1,1
2019-10-07 07:12:58,2019-10-07 07:14:50,1.165332,1.8666666666666667,0.624285,1.9977120000000002,1.8666666666666667,1.0702028571428572,0,1,1
2019-10-07 07:16:18,2019-10-07 07:16:30,0.12485700000000001,0.2,0.624285,0.166476,0.2,0.83238,0,0,1
2019-10-07 07:17:38,2019-10-07 07:17:46,0.083238,0.13333333333333333,0.6242850000000001,0.12485700000000001,0.13333333333333333,0.9364275000000001,0,0,1
2019-10-07 07:18:54,2019-10-07 07:19:06,0.12485700000000001,0.2,0.624285,0.12485700000000001,0.2,0.624285,0,0,1
2019-10-07 07:38:42,2019-10-07 07:38:58,0.166476,0.26666666666666666,0.6242850000000001,0.24971400000000002,0.26666666666666666,0.9364275000000001,0,1,1
2019-10-07 07:39:50,2019-10-07 07:40:38,0.49942800000000004,0.8,0.624285,0.8739990000000001,0.8,1.09249875,0,1,1
2019-10-07 07:44:54,2019-10-07 07:46:10,2.91333,1.2666666666666666,2.299997368421053,3.5792340000000005,1.2666666666666666,2.8257110526315796,1,4,0
2019-10-07 07:55:50,2019-10-07 07:56:26,0.37457100000000004,0.6,0.6242850000000001,0.49942800000000004,0.6,0.8323800000000001,0,1,1
2019-10-07 08:00:30,2019-10-07 08:00:58,0.291333,0.4666666666666667,0.624285,0.41619000000000006,0.4666666666666667,0.8918357142857144,0,1,1
2019-10-07 08:01:26,2019-10-07 08:01:30,0.041619,0.06666666666666667,0.6242850000000001,0.041619,0.06666666666666667,0.6242850000000001,0,0,1
2019-10-07 08:01:50,2019-10-07 08:02:06,0.166476,0.26666666666666666,0.6242850000000001,0.24971400000000002,0.26666666666666666,0.9364275000000001,0,1,1
2019-10-07 08:32:54,2019-10-07 08:33:06,0.12485700000000001,0.2,0.624285,0.12485700000000001,0.2,0.624285,0,0,1
2019-10-07 08:34:02,2019-10-07 08:34:14,0.12485700000000001,0.2,0.624285,0.166476,0.2,0.83238,0,0,1
2019-10-07 08:37:54,2019-10-07 08:38:14,0.37457100000000004,0.3333333333333333,1.1237130000000002,0.49942800000000004,0.3333333333333333,1.4982840000000002,0,2,1
2019-10-07 08:39:10,2019-10-07 08:39:30,0.20809500000000003,0.3333333333333333,0.6242850000000001,0.291333,0.3333333333333333,0.8739990000000001,0,1,1
2019-10-07 08:39:58,2019-10-07 08:41:10,0.7491420000000001,1.2,0.6242850000000001,1.331808,1.2,1.1098400000000002,0,1,1
2019-10-07 08:41:18,2019-10-07 08:41:38,0.20809500000000003,0.3333333333333333,0.6242850000000001,0.332952,0.3333333333333333,0.9988560000000001,0,1,1
2019-10-07 08:41:42,2019-10-07 08:41:46,0.041619,0.06666666666666667,0.6242850000000001,0.0,0.06666666666666667,0.0,0,0,1
2019-10-07 08:41:58,2019-10-07 08:42:42,0.8739990000000001,0.7333333333333333,1.1918168181818183,1.1237130000000002,0.7333333333333333,1.5323359090909094,2,2,0
2019-10-07 08:43:02,2019-10-07 08:43:26,0.291333,0.4,0.7283324999999999,0.41619000000000006,0.4,1.040475,0,1,1
2019-10-07 08:51:02,2019-10-07 08:51:06,0.041619,0.06666666666666667,0.6242850000000001,0.0,0.06666666666666667,0.0,0,0,1
2019-10-07 08:52:26,2019-10-07 08:52:34,0.083238,0.13333333333333333,0.6242850000000001,0.083238,0.13333333333333333,0.6242850000000001,0,0,1
2019-10-07 08:52:54,2019-10-07 08:53:14,0.20809500000000003,0.3333333333333333,0.6242850000000001,0.291333,0.3333333333333333,0.8739990000000001,0,1,1
2019-10-07 08:58:38,2019-10-07 08:58:50,0.12485700000000001,0.2,0.624285,0.166476,0.2,0.83238,0,0,1
2019-10-07 09:00:30,2019-10-07 09:01:26,0.582666,0.9333333333333333,0.624285,0.9572370000000001,0.9333333333333333,1.0256110714285716,0,1,1
2019-10-07 09:03:38,2019-10-07 09:04:02,0.24971400000000002,0.4,0.624285,0.41619000000000006,0.4,1.040475,0,1,1
2019-10-07 09:06:34,2019-10-07 09:08:02,2.455521,1.4666666666666666,1.6742188636363637,2.91333,1.4666666666666666,1.986361363636364,2,3,0
2019-10-07 09:14:02,2019-10-07 09:14:14,0.12485700000000001,0.2,0.624285,0.12485700000000001,0.2,0.624285,0,0,1
2019-10-07 09:17:14,2019-10-07 09:17:38,0.24971400000000002,0.4,0.624285,0.332952,0.4,0.83238,0,1,1
2019-10-07 09:23:26,2019-10-07 09:24:18,0.5410470000000001,0.8666666666666667,0.6242850000000001,0.8739990000000001,0.8666666666666667,1.0084603846153846,0,1,1
2019-10-07 09:47:42,2019-10-07 09:47:58,0.24971400000000002,0.26666666666666666,0.9364275000000001,0.41619000000000006,0.26666666666666666,1.5607125000000002,1,1,1
2019-10-07 09:51:54,2019-10-07 09:52:06,0.20809500000000003,0.2,1.040475,0.24971400000000002,0.2,1.24857,1,1,1
2019-10-07 10:11:38,2019-10-07 10:11:50,0.12485700000000001,0.2,0.624285,0.166476,0.2,0.83238,0,0,1
2019-10-07 10:16:38,2019-10-07 10:18:06,2.455521,1.4666666666666666,1.6742188636363637,2.8717110000000003,1.4666666666666666,1.957984772727273,1,3,0
2019-10-07 10:22:34,2019-10-07 10:23:50,3.4543770000000005,1.2666666666666666,2.7271397368421058,3.7457100000000003,1.2666666666666666,2.9571394736842107,1,5,0
2019-10-07 11:06:10,2019-10-07 11:06:50,0.41619000000000006,0.6666666666666666,0.6242850000000001,0.707523,0.6666666666666666,1.0612845000000002,0,1,1
2019-10-07 11:57:46,2019-10-07 11:59:14,2.4971400000000004,1.4666666666666666,1.702595454545455,2.8717110000000003,1.4666666666666666,1.957984772727273,1,3,0
2019-10-07 14:12:34,2019-10-07 14:13:22,2.330664,0.8,2.9133299999999998,2.538759,0.8,3.17344875,1,9,3
2019-10-07 14:25:54,2019-10-07 14:26:06,0.12485700000000001,0.2,0.624285,0.166476,0.2,0.83238,0,0,1
2019-10-07 14:27:18,2019-10-07 14:27:22,0.041619,0.06666666666666667,0.6242850000000001,0.041619,0.06666666666666667,0.6242850000000001,0,0,1
2019-10-07 14:28:42,2019-10-07 14:29:42,1.9144740000000002,1.0,1.9144740000000002,2.205807,1.0,2.205807,2,4,0
2019-10-07 15:01:54,2019-10-07 15:02:54,1.831236,1.0,1.831236,2.205807,1.0,2.205807,3,4,0
2019-10-07 15:21:50,2019-10-07 15:22:14,0.24971400000000002,0.4,0.624285,0.24971400000000002,0.4,0.624285,0,1,1
2019-10-07 16:25:50,2019-10-07 16:27:10,3.537615,1.3333333333333333,2.6532112500000005,3.662472,1.3333333333333333,2.7468540000000004,1,5,0
2019-10-07 17:09:06,2019-10-07 17:09:38,0.332952,0.5333333333333333,0.6242850000000001,0.49942800000000004,0.5333333333333333,0.9364275000000001,0,1,1
2019-10-07 17:18:06,2019-10-07 17:18:14,0.083238,0.13333333333333333,0.6242850000000001,0.12485700000000001,0.13333333333333333,0.9364275000000001,0,0,1
2019-10-07 17:19:06,2019-10-07 17:20:10,2.705235,1.0666666666666667,2.5361578125,2.954949,1.0666666666666667,2.7702646875,3,5,0
2019-10-07 17:21:30,2019-10-07 17:21:42,0.12485700000000001,0.2,0.624285,0.12485700000000001,0.2,0.624285,0,0,1
2019-10-07 17:48:58,2019-10-07 17:49:14,0.20809500000000003,0.26666666666666666,0.7803562500000001,0.24971400000000002,0.26666666666666666,0.9364275000000001,0,1,1
2019-10-07 18:06:10,2019-10-07 18:09:38,7.616277,3.466666666666667,2.1970029807692306,9.281037000000001,3.466666666666667,2.677222211538462,9,4,5
2019-10-07 18:12:02,2019-10-07 18:12:14,0.12485700000000001,0.2,0.624285,0.20809500000000003,0.2,1.040475,0,0,1
2019-10-07 19:17:30,2019-10-07 19:18:46,3.412758,1.2666666666666666,2.6942826315789477,3.662472,1.2666666666666666,2.891425263157895,2,5,0
2019-10-07 19:49:22,2019-10-07 19:49:34,0.12485700000000001,0.2,0.624285,0.166476,0.2,0.83238,0,0,1
2019-10-07 19:54:50,2019-10-07 19:55:50,2.7468540000000004,1.0,2.7468540000000004,3.1214250000000003,1.0,3.1214250000000003,2,6,0
2019-10-07 20:11:06,2019-10-07 20:12:06,1.9144740000000002,1.0,1.9144740000000002,2.2474260000000004,1.0,2.2474260000000004,3,4,0
2019-10-07 20:22:14,2019-10-07 20:22:38,0.332952,0.4,0.83238,0.457809,0.4,1.1445224999999999,2,1,1
2019-10-07 20:26:46,2019-10-07 20:27:18,0.332952,0.5333333333333333,0.6242850000000001,0.457809,0.5333333333333333,0.858391875,0,1,1
2019-10-07 20:32:10,2019-10-07 20:33:14,1.9977120000000002,1.0666666666666667,1.8728550000000002,2.205807,1.0666666666666667,2.0679440625,2,4,0
2019-10-07 20:46:14,2019-10-07 20:46:18,0.041619,0.06666666666666667,0.6242850000000001,0.0,0.06666666666666667,0.0,0,0,1
2019-10-07 20:47:26,2019-10-07 20:48:22,1.831236,0.9333333333333333,1.9620385714285715,2.1641880000000002,0.9333333333333333,2.318772857142857,2,4,0
2019-10-07 21:31:46,2019-10-07 21:32:22,0.37457100000000004,0.6,0.6242850000000001,0.49942800000000004,0.6,0.8323800000000001,0,1,1
2019-10-07 21:34:10,2019-10-07 21:35:26,2.954949,1.2666666666666666,2.3328544736842107,3.5792340000000005,1.2666666666666666,2.8257110526315796,3,4,0
2019-10-07 21:40:34,2019-10-07 21:40:42,0.083238,0.13333333333333333,0.6242850000000001,0.12485700000000001,0.13333333333333333,0.9364275000000001,0,0,1
2019-10-07 21:41:26,2019-10-07 21:42:46,3.079806,1.3333333333333333,2.3098545,3.7040910000000005,1.3333333333333333,2.7780682500000005,1,4,0
2019-10-08 05:56:50,2019-10-08 05:58:06,2.830092,1.2666666666666666,2.234283157894737,3.4959960000000003,1.2666666666666666,2.7599968421052634,2,4,0
2019-10-08 05:58:18,2019-10-08 06:05:58,9.572370000000001,7.666666666666667,1.2485700000000002,12.985128000000001,7.666666666666667,1.6937123478260872,2,2,5
2019-10-08 06:12:22,2019-10-08 06:13:22,1.956093,1.0,1.956093,2.1641880000000002,1.0,2.1641880000000002,2,4,0
2019-10-08 06:26:30,2019-10-08 06:26:42,0.12485700000000001,0.2,0.624285,0.12485700000000001,0.2,0.624285,0,0,1
2019-10-08 06:30:38,2019-10-08 06:33:22,1.706379,2.7333333333333334,0.624285,2.954949,2.7333333333333334,1.0810789024390244,0,1,1
2019-10-08 06:34:26,2019-10-08 06:35:34,0.8323800000000001,1.1333333333333333,0.7344529411764708,1.331808,1.1333333333333333,1.175124705882353,2,1,1
2019-10-08 06:37:54,2019-10-08 06:38:02,0.083238,0.13333333333333333,0.6242850000000001,0.083238,0.13333333333333333,0.6242850000000001,0,0,1
2019-10-08 08:07:06,2019-10-08 08:07:10,0.041619,0.06666666666666667,0.6242850000000001,0.0,0.06666666666666667,0.0,0,0,1
2019-10-08 08:25:26,2019-10-08 08:26:26,2.1225690000000004,1.0,2.1225690000000004,2.4971400000000004,1.0,2.4971400000000004,2,4,0
2019-10-08 10:05:46,2019-10-08 10:05:58,0.12485700000000001,0.2,0.624285,0.20809500000000003,0.2,1.040475,0,0,1
2019-10-08 10:25:26,2019-10-08 10:25:38,0.12485700000000001,0.2,0.624285,0.166476,0.2,0.83238,0,0,1
2019-10-08 10:26:18,2019-10-08 10:26:26,0.083238,0.13333333333333333,0.6242850000000001,0.12485700000000001,0.13333333333333333,0.9364275000000001,0,0,1
2019-10-08 10:27:10,2019-10-08 10:27:18,0.083238,0.13333333333333333,0.6242850000000001,0.12485700000000001,0.13333333333333333,0.9364275000000001,0,0,1
2019-10-08 12:25:54,2019-10-08 12:26:58,1.956093,1.0666666666666667,1.8338371875000001,2.205807,1.0666666666666667,2.0679440625,3,4,0
2019-10-08 13:56:06,2019-10-08 13:57:26,3.038187,1.3333333333333333,2.2786402500000005,3.6208530000000003,1.3333333333333333,2.7156397500000002,1,4,0
2019-10-08 15:36:58,2019-10-08 15:38:50,3.912186,1.8666666666666667,2.095813928571429,4.411614,1.8666666666666667,2.363364642857143,5,4,0
2019-10-08 16:31:58,2019-10-08 16:32:54,1.831236,0.9333333333333333,1.9620385714285715,2.08095,0.9333333333333333,2.229589285714286,3,4,0
2019-10-08 16:54:34,2019-10-08 16:55:30,1.956093,0.9333333333333333,2.095813928571429,2.3722830000000004,0.9333333333333333,2.541731785714286,3,4,0
2019-10-08 17:01:46,2019-10-08 17:01:54,0.083238,0.13333333333333333,0.6242850000000001,0.12485700000000001,0.13333333333333333,0.9364275000000001,0,0,1
2019-10-08 17:05:18,2019-10-08 17:06:14,1.9144740000000002,0.9333333333333333,2.051222142857143,2.1641880000000002,0.9333333333333333,2.318772857142857,2,4,0
2019-10-08 17:50:38,2019-10-08 17:50:58,0.20809500000000003,0.3333333333333333,0.6242850000000001,0.291333,0.3333333333333333,0.8739990000000001,0,1,1
2019-10-08 17:54:06,2019-10-08 17:54:50,0.457809,0.7333333333333333,0.6242850000000001,0.7491420000000001,0.7333333333333333,1.0215572727272728,0,1,1
2019-10-08 19:00:18,2019-10-08 19:01:26,4.1619,1.1333333333333333,3.672264705882353,4.827804,1.1333333333333333,4.25982705882353,1,7,3
2019-10-08 19:01:50,2019-10-08 19:03:38,7.616277,1.8,4.231265,7.907610000000001,1.8,4.393116666666667,2,8,3
2019-10-08 19:03:58,2019-10-08 19:10:10,14.025603,6.2,2.2621940322580647,15.399030000000002,6.2,2.4837145161290324,2,4,5
2019-10-08 19:10:54,2019-10-08 19:11:02,0.083238,0.13333333333333333,0.6242850000000001,0.12485700000000001,0.13333333333333333,0.9364275000000001,0,0,1
2019-10-08 19:22:50,2019-10-08 19:23:06,0.166476,0.26666666666666666,0.6242850000000001,0.24971400000000002,0.26666666666666666,0.9364275000000001,0,1,1
2019-10-08 19:36:22,2019-10-08 19:37:06,2.289045,0.7333333333333333,3.1214250000000003,2.4971400000000004,0.7333333333333333,3.40519090909091,0,9,3
2019-10-08 19:57:02,2019-10-08 19:57:14,0.12485700000000001,0.2,0.624285,0.166476,0.2,0.83238,0,0,1
2019-10-08 20:00:14,2019-10-08 20:00:22,0.083238,0.13333333333333333,0.6242850000000001,0.083238,0.13333333333333333,0.6242850000000001,0,0,1
2019-10-08 20:04:18,2019-10-08 20:04:26,0.083238,0.13333333333333333,0.6242850000000001,0.12485700000000001,0.13333333333333333,0.9364275000000001,0,0,1
2019-10-08 20:09:42,2019-10-08 20:09:46,0.041619,0.06666666666666667,0.6242850000000001,0.041619,0.06666666666666667,0.6242850000000001,0,0,1
2019-10-08 20:48:50,2019-10-08 20:49:06,0.166476,0.26666666666666666,0.6242850000000001,0.291333,0.26666666666666666,1.09249875,0,1,1
2019-10-08 20:55:54,2019-10-08 20:55:58,0.041619,0.06666666666666667,0.6242850000000001,0.041619,0.06666666666666667,0.6242850000000001,0,0,1
2019-10-08 21:02:30,2019-10-08 21:02:46,0.166476,0.26666666666666666,0.6242850000000001,0.20809500000000003,0.26666666666666666,0.7803562500000001,0,1,1
2019-10-08 21:03:18,2019-10-08 21:03:50,0.332952,0.5333333333333333,0.6242850000000001,0.49942800000000004,0.5333333333333333,0.9364275000000001,0,1,1
2019-10-08 21:09:10,2019-10-08 21:09:22,0.12485700000000001,0.2,0.624285,0.166476,0.2,0.83238,0,0,1
2019-10-08 21:11:06,2019-10-08 21:11:10,0.041619,0.06666666666666667,0.6242850000000001,0.0,0.06666666666666667,0.0,0,0,1
2019-10-08 22:18:58,2019-10-08 22:20:14,2.8717110000000003,1.2666666666666666,2.267140263157895,3.6208530000000003,1.2666666666666666,2.8585681578947373,1,4,0
2019-10-08 22:30:10,2019-10-08 22:31:26,3.5792340000000005,1.2666666666666666,2.8257110526315796,3.8705670000000003,1.2666666666666666,3.0557107894736846,2,5,0
2019-10-09 04:54:06,2019-10-09 04:55:06,1.9144740000000002,1.0,1.9144740000000002,2.2474260000000004,1.0,2.2474260000000004,2,4,0
2019-10-09 06:04:42,2019-10-09 06:05:46,2.0393310000000002,1.0666666666666667,1.9118728125000002,2.2474260000000004,1.0666666666666667,2.1069618750000005,1,4,0
2019-10-09 06:16:02,2019-10-09 06:16:14,0.12485700000000001,0.2,0.624285,0.20809500000000003,0.2,1.040475,0,0,1
2019-10-09 07:05:06,2019-10-09 07:06:02,0.582666,0.9333333333333333,0.624285,0.9572370000000001,0.9333333333333333,1.0256110714285716,0,1,1
2019-10-09 07:12:34,2019-10-09 07:12:42,0.083238,0.13333333333333333,0.6242850000000001,0.12485700000000001,0.13333333333333333,0.9364275000000001,0,0,1
2019-10-09 07:13:18,2019-10-09 07:13:34,0.166476,0.26666666666666666,0.6242850000000001,0.24971400000000002,0.26666666666666666,0.9364275000000001,0,1,1
2019-10-09 07:21:30,2019-10-09 07:22:26,0.582666,0.9333333333333333,0.624285,0.915618,0.9333333333333333,0.9810192857142858,0,1,1
2019-10-09 07:22:46,2019-10-09 07:23:26,0.41619000000000006,0.6666666666666666,0.6242850000000001,0.707523,0.6666666666666666,1.0612845000000002,0,1,1
2019-10-09 07:24:34,2019-10-09 07:24:54,0.20809500000000003,0.3333333333333333,0.6242850000000001,0.291333,0.3333333333333333,0.8739990000000001,0,1,1
2019-10-09 07:37:06,2019-10-09 07:37:30,0.49942800000000004,0.4,1.24857,0.6242850000000001,0.4,1.5607125000000002,1,2,1
2019-10-09 07:41:22,2019-10-09 07:41:38,0.166476,0.26666666666666666,0.6242850000000001,0.291333,0.26666666666666666,1.09249875,0,1,1
2019-10-09 08:05:34,2019-10-09 08:06:54,2.205807,1.3333333333333333,1.65435525,2.663616,1.3333333333333333,1.9977120000000002,2,3,0
2019-10-09 08:47:14,2019-10-09 08:47:18,0.041619,0.06666666666666667,0.6242850000000001,0.041619,0.06666666666666667,0.6242850000000001,0,0,1
2019-10-04 13:19:18,2019-10-04 13:21:42,24.347115000000002,2.466666666666667,9.870452027027028,25.014,2.466666666666667,10.072922837837838,6,19,4
2019-10-04 13:20:10,2019-10-04 13:20:42,0.37457100000000004,0.6,0.6242850000000001,0.50028,0.6,0.6242850000000001,0,1,1
2019-10-04 16:55:54,2019-10-04 16:57:02,3.1214250000000003,1.2,2.6011875000000004,3.54365,1.2,2.8786475000000005,2,5,0
2019-10-04 16:56:30,2019-10-04 16:56:30,0.041619,0.06666666666666667,0.6242850000000001,0.08338,0.06666666666666667,0.6242850000000001,0,1,1
2019-10-04 17:55:58,2019-10-04 17:57:10,2.91333,1.2666666666666666,2.299997368421053,3.08506,1.2666666666666666,2.299997368421053,2,4,0
2019-10-04 17:56:06,2019-10-04 17:56:46,0.457809,0.7333333333333333,0.6242850000000001,0.54197,0.7333333333333333,0.6242850000000001,0,1,1
2019-10-04 20:55:14,2019-10-04 21:01:22,7.699515000000001,6.2,1.2418572580645162,9.1718,6.2,1.2351445161290324,6,2,5
2019-10-04 20:55:18,2019-10-04 20:56:46,3.787329,1.5333333333333334,2.4699971739130433,4.21069,1.5333333333333334,2.442854347826087,3,5,0
2019-10-04 20:55:26,2019-10-04 20:55:30,0.083238,0.13333333333333333,0.6242850000000001,0.16676,0.13333333333333333,1.2485700000000002,1,4,1
2019-10-04 20:58:42,2019-10-04 20:59:58,2.330664,1.3333333333333333,1.7479980000000002,2.79323,1.3333333333333333,1.84164075,1,4,0
2019-10-05 09:39:34,2019-10-05 09:40:38,2.3722830000000004,1.1333333333333333,2.0931908823529417,2.54309,1.1333333333333333,2.1666361764705884,5,4,0
2019-10-05 09:39:58,2019-10-05 09:40:14,0.20809500000000003,0.3333333333333333,0.6242850000000001,0.29183,0.3333333333333333,0.6242850000000001,0,1,1
2019-10-05 10:36:02,2019-10-05 10:37:50,3.287901,1.8666666666666667,1.7613755357142857,3.79379,1.8666666666666667,1.9174467857142858,2,4,0
2019-10-05 10:36:10,2019-10-05 10:36:42,0.37457100000000004,0.6,0.6242850000000001,0.62535,0.6,0.6242850000000001,0,1,1
2019-10-05 16:10:42,2019-10-05 16:16:22,17.06379,5.733333333333333,2.976242441860465,18.67712,5.733333333333333,3.0488337209302325,9,5,5
2019-10-05 16:11:38,2019-10-05 16:12:14,2.08095,0.6666666666666666,3.1214250000000003,2.33464,0.6666666666666666,3.4335675000000005,1,10,3
2019-10-05 16:13:42,2019-10-05 16:14:26,2.4971400000000004,0.8,3.1214250000000003,2.70985,0.8,3.2774962500000004,1,10,3
2019-10-05 16:14:46,2019-10-05 16:14:50,0.083238,0.13333333333333333,0.6242850000000001,0.12507,0.13333333333333333,0.6242850000000001,0,1,1
2019-10-05 17:00:34,2019-10-05 17:10:38,13.193223000000001,10.133333333333333,1.3019627960526319,17.59318,10.133333333333333,1.7208908881578948,1,4,5
2019-10-05 17:00:46,2019-10-05 17:00:46,0.041619,0.06666666666666667,0.6242850000000001,0.04169,0.06666666666666667,0.6242850000000001,0,1,1
2019-10-05 18:46:50,2019-10-05 18:48:02,2.91333,1.2666666666666666,2.299997368421053,3.21013,1.2666666666666666,2.299997368421053,3,4,0
2019-10-05 18:47:10,2019-10-05 18:47:38,0.332952,0.5333333333333333,0.6242850000000001,0.4169,0.5333333333333333,0.6242850000000001,0,1,1
2019-10-05 18:53:10,2019-10-05 19:02:50,12.111129000000002,9.733333333333333,1.244294075342466,16.2591,9.733333333333333,1.2400181506849317,2,2,5
2019-10-05 18:53:14,2019-10-05 18:54:54,3.079806,1.7333333333333334,1.7768111538461537,3.16844,1.7333333333333334,1.8008221153846156,1,4,0
2019-10-05 18:53:30,2019-10-05 18:54:18,0.5410470000000001,0.8666666666666667,0.6242850000000001,0.87549,0.8666666666666667,0.6242850000000001,0,1,1
2019-10-05 21:09:30,2019-10-05 21:11:18,7.408182000000001,1.8666666666666667,3.968668928571429,8.12955,1.8666666666666667,3.990964821428572,2,7,3
2019-10-05 21:10:42,2019-10-05 21:11:02,0.24971400000000002,0.4,0.624285,0.29183,0.4,0.624285,0,1,1
2019-10-05 21:57:50,2019-10-05 21:59:30,3.8289480000000005,1.7333333333333334,2.2090084615384615,4.29407,1.7333333333333334,2.305052307692308,5,4,0
2019-10-05 21:58:34,2019-10-05 21:59:06,1.1237130000000002,0.6,1.8728550000000004,1.41746,0.6,2.0809500000000005,1,4,0
2019-10-05 22:31:46,2019-10-05 22:32:54,2.788473,1.2,2.3237275000000004,3.00168,1.2,2.35841,3,4,0
2019-10-05 22:32:06,2019-10-05 22:32:46,0.457809,0.7333333333333333,0.6242850000000001,0.50028,0.7333333333333333,0.6242850000000001,0,1,1
2019-10-06 08:58:34,2019-10-06 08:59:42,3.287901,1.2,2.7399175000000002,3.62703,1.2,2.91333,4,5,0
2019-10-06 08:59:06,2019-10-06 08:59:14,0.12485700000000001,0.2,0.624285,0.20845,0.2,0.624285,0,1,1
2019-10-06 14:29:22,2019-10-06 14:30:30,2.8717110000000003,1.2,2.3930925000000003,3.08506,1.2,2.35841,2,4,0
2019-10-06 14:29:30,2019-10-06 14:29:58,0.332952,0.5333333333333333,0.6242850000000001,0.4169,0.5333333333333333,0.6242850000000001,0,1,1
2019-10-06 16:25:30,2019-10-06 16:26:38,2.8717110000000003,1.2,2.3930925000000003,3.12675,1.2,2.3930925000000003,2,4,0
2019-10-06 16:25:38,2019-10-06 16:26:06,0.332952,0.5333333333333333,0.6242850000000001,0.4169,0.5333333333333333,0.6242850000000001,0,1,1
2019-10-06 16:39:50,2019-10-06 16:43:46,6.159612,4.0,1.539903,6.96223,4.0,1.6647600000000002,5,5,5
2019-10-06 16:40:54,2019-10-06 16:41:02,0.12485700000000001,0.2,0.624285,0.16676,0.2,0.624285,0,1,1
2019-10-06 18:28:14,2019-10-06 18:29:22,3.287901,1.2,2.7399175000000002,3.62703,1.2,2.8786475000000005,4,5,0
2019-10-06 18:28:34,2019-10-06 18:28:38,0.083238,0.13333333333333333,0.6242850000000001,0.12507,0.13333333333333333,0.6242850000000001,0,1,1
2019-10-06 20:12:50,2019-10-06 20:13:46,0.6242850000000001,1.0,0.6242850000000001,0.75042,1.0,0.6242850000000001,2,1,1
2019-10-06 20:12:50,2019-10-06 20:13:14,1.831236,0.4666666666666667,3.924077142857143,2.20957,0.4666666666666667,4.548362142857144,1,9,3
2019-10-06 20:13:42,2019-10-06 20:13:46,0.083238,0.13333333333333333,0.6242850000000001,0.12507,0.13333333333333333,0.6242850000000001,0,1,1
2019-10-06 21:07:42,2019-10-06 21:20:06,23.265021,12.466666666666667,1.866178155080214,23.88837,12.466666666666667,1.8761934224598933,6,3,2
2019-10-06 21:07:46,2019-10-06 21:08:50,2.1225690000000004,1.1333333333333333,1.8728550000000004,2.29295,1.1333333333333333,1.9463002941176473,3,4,0
2019-10-06 21:07:50,2019-10-06 21:08:06,0.20809500000000003,0.3333333333333333,0.6242850000000001,0.37521,0.3333333333333333,0.6242850000000001,0,1,1
2019-10-06 21:26:34,2019-10-06 21:27:42,2.788473,1.2,2.3237275000000004,3.21013,1.2,2.4277750000000005,3,4,0
2019-10-06 21:26:58,2019-10-06 21:27:22,0.291333,0.4666666666666667,0.624285,0.37521,0.4666666666666667,0.624285,0,1,1
2019-10-06 22:41:18,2019-10-06 22:42:30,2.91333,1.2666666666666666,2.299997368421053,3.25182,1.2666666666666666,2.299997368421053,3,4,0
2019-10-06 22:41:34,2019-10-06 22:41:58,0.291333,0.4666666666666667,0.624285,0.4169,0.4666666666666667,0.624285,0,1,1
2019-10-07 05:21:14,2019-10-07 05:22:42,3.079806,1.5333333333333334,2.0085691304347826,3.58534,1.5333333333333334,2.1171404347826086,3,4,0
2019-10-07 05:21:58,2019-10-07 05:22:18,0.24971400000000002,0.4,0.624285,0.37521,0.4,0.624285,0,1,1
2019-10-07 06:33:58,2019-10-07 06:35:50,5.243994000000001,1.9333333333333333,2.7124106896551727,5.50308,1.9333333333333333,2.7985189655172413,4,5,0
2019-10-07 06:34:42,2019-10-07 06:34:50,0.12485700000000001,0.2,0.624285,0.29183,0.2,0.624285,0,1,1
2019-10-07 06:37:06,2019-10-07 06:44:14,8.989704000000001,7.2,1.2485700000000002,12.215169999999999,7.2,1.2485700000000002,1,2,5
2019-10-07 06:37:10,2019-10-07 06:37:22,0.166476,0.26666666666666666,0.6242850000000001,0.33352,0.26666666666666666,0.6242850000000001,0,1,1
2019-10-07 08:29:10,2019-10-07 08:32:38,8.73999,3.533333333333333,2.473582075471698,9.33856,3.533333333333333,2.6031506603773584,3,5,0
2019-10-07 08:29:18,2019-10-07 08:29:18,0.041619,0.06666666666666667,0.6242850000000001,0.08338,0.06666666666666667,0.6242850000000001,0,1,1
2019-10-07 09:39:26,2019-10-07 09:42:22,7.2833250000000005,3.0,2.427775,7.58758,3.0,2.4416480000000003,3,4,0
2019-10-07 09:39:34,2019-10-07 09:40:10,1.0820940000000001,0.6666666666666666,1.6231410000000002,1.37577,0.6666666666666666,1.8104265000000002,2,3,0
2019-10-07 09:39:54,2019-10-07 09:40:02,0.12485700000000001,0.2,0.624285,0.16676,0.2,0.624285,0,1,1
2019-10-07 11:20:46,2019-10-07 11:36:14,19.311216,15.533333333333333,1.243211330472103,24.096819999999997,15.533333333333333,1.2458906652360517,12,2,2
2019-10-07 11:20:46,2019-10-07 11:23:54,4.952661,3.2,1.5477065625,5.62815,3.2,1.7037778125000003,7,4,5
2019-10-07 11:20:58,2019-10-07 11:21:18,0.24971400000000002,0.4,0.624285,0.50028,0.4,0.624285,2,1,1
2019-10-07 11:24:10,2019-10-07 11:24:42,0.37457100000000004,0.6,0.6242850000000001,0.45859,0.6,0.6242850000000001,2,1,1
2019-10-07 11:24:10,2019-10-07 11:24:14,0.083238,0.13333333333333333,0.6242850000000001,0.16676,0.13333333333333333,1.2485700000000002,1,3,1
2019-10-07 11:29:14,2019-10-07 11:29:30,0.37457100000000004,0.3333333333333333,1.1237130000000002,0.54197,0.3333333333333333,1.4982840000000002,1,3,1
2019-10-07 11:33:14,2019-10-07 11:34:46,1.0820940000000001,1.6,0.67630875,1.58422,1.6,0.9364275000000001,1,2,1
2019-10-07 14:06:26,2019-10-07 14:07:58,3.787329,1.6,2.367080625,4.29407,1.6,2.3930925000000003,5,4,0
2019-10-07 14:07:06,2019-10-07 14:07:42,0.9988560000000001,0.6666666666666666,1.4982840000000002,1.20901,0.6666666666666666,1.5607125000000002,2,3,0
2019-10-07 14:07:22,2019-10-07 14:07:30,0.12485700000000001,0.2,0.624285,0.20845,0.2,0.624285,0,1,1
2019-10-07 14:52:22,2019-10-07 14:53:18,1.9977120000000002,1.0,1.9977120000000002,2.25126,1.0,2.1225690000000004,2,4,0
2019-10-07 14:52:50,2019-10-07 14:53:02,0.166476,0.26666666666666666,0.6242850000000001,0.29183,0.26666666666666666,0.6242850000000001,0,1,1
2019-10-07 15:09:02,2019-10-07 15:10:14,2.8717110000000003,1.2666666666666666,2.267140263157895,3.3352,1.2666666666666666,2.299997368421053,3,4,0
2019-10-07 15:09:18,2019-10-07 15:09:30,0.166476,0.26666666666666666,0.6242850000000001,0.29183,0.26666666666666666,0.6242850000000001,0,1,1
2019-10-07 17:24:38,2019-10-07 17:29:14,5.7850410000000005,4.666666666666667,1.239651642857143,7.25406,4.666666666666667,1.2307332857142859,2,2,0
2019-10-07 17:24:42,2019-10-07 17:26:22,3.1214250000000003,1.7333333333333334,1.8008221153846156,3.16844,1.7333333333333334,1.824833076923077,1,4,0
2019-10-07 17:24:54,2019-10-07 17:25:46,0.582666,0.9333333333333333,0.624285,0.95887,0.9333333333333333,0.624285,0,1,1
2019-10-07 17:34:34,2019-10-07 17:35:42,2.830092,1.2,2.35841,3.25182,1.2,2.3930925000000003,2,4,0
2019-10-07 17:34:42,2019-10-07 17:34:58,0.20809500000000003,0.3333333333333333,0.6242850000000001,0.33352,0.3333333333333333,0.6242850000000001,0,1,1
2019-10-07 17:38:10,2019-10-07 17:40:14,8.074086000000001,2.1333333333333333,3.784727812500001,8.83828,2.1333333333333333,3.9212901562500004,5,7,0
2019-10-07 17:38:58,2019-10-07 17:39:34,0.41619000000000006,0.6666666666666666,0.6242850000000001,0.45859,0.6666666666666666,0.6242850000000001,0,1,1
2019-10-07 19:46:06,2019-10-07 19:47:14,2.8717110000000003,1.2,2.3930925000000003,3.29351,1.2,2.3930925000000003,2,4,0
2019-10-07 19:46:14,2019-10-07 19:46:26,0.166476,0.26666666666666666,0.6242850000000001,0.37521,0.26666666666666666,0.6242850000000001,0,1,1
2019-10-07 19:46:34,2019-10-07 19:46:34,0.041619,0.06666666666666667,0.6242850000000001,0.04169,0.06666666666666667,0.6242850000000001,0,1,1
2019-10-08 05:23:10,2019-10-08 05:24:22,3.412758,1.2666666666666666,2.6942826315789477,3.83548,1.2666666666666666,2.891425263157895,3,5,0
2019-10-08 05:23:38,2019-10-08 05:23:54,0.20809500000000003,0.3333333333333333,0.6242850000000001,0.25014,0.3333333333333333,0.6242850000000001,0,1,1
2019-10-08 06:16:46,2019-10-08 06:17:58,2.91333,1.2666666666666666,2.299997368421053,3.3352,1.2666666666666666,2.3328544736842107,2,4,0
2019-10-08 06:16:58,2019-10-08 06:17:14,0.20809500000000003,0.3333333333333333,0.6242850000000001,0.37521,0.3333333333333333,0.6242850000000001,0,1,1
2019-10-08 06:36:10,2019-10-08 06:37:02,1.8728550000000002,0.9333333333333333,2.0066303571428574,2.16788,0.9333333333333333,2.229589285714286,4,4,0
2019-10-08 06:36:30,2019-10-08 06:36:38,0.12485700000000001,0.2,0.624285,0.25014,0.2,0.624285,0,1,1
2019-10-08 08:14:22,2019-10-08 08:15:34,2.8717110000000003,1.2666666666666666,2.267140263157895,3.25182,1.2666666666666666,2.3328544736842107,3,4,0
2019-10-08 08:14:38,2019-10-08 08:15:02,0.291333,0.4666666666666667,0.624285,0.4169,0.4666666666666667,0.624285,0,1,1
2019-10-08 10:11:26,2019-10-08 10:20:14,21.933213000000002,8.866666666666667,2.4736706390977443,24.597099999999998,8.866666666666667,2.478364511278196,6,4,5
2019-10-08 10:11:34,2019-10-08 10:15:42,6.575802,4.2,1.565667142857143,7.54589,4.2,1.7836714285714286,3,12,3
2019-10-08 10:13:06,2019-10-08 10:13:06,0.041619,0.06666666666666667,0.6242850000000001,0.04169,0.06666666666666667,0.6242850000000001,0,1,1
2019-10-08 10:18:46,2019-10-08 10:18:46,0.041619,0.06666666666666667,0.6242850000000001,0.04169,0.06666666666666667,0.6242850000000001,0,1,1
2019-10-08 13:33:58,2019-10-08 13:45:26,14.733126,11.533333333333333,1.2774386705202312,19.51092,11.533333333333333,1.6779914739884396,1,4,5
2019-10-08 13:34:10,2019-10-08 13:34:10,0.041619,0.06666666666666667,0.6242850000000001,0.08338,0.06666666666666667,0.6242850000000001,0,1,1
2019-10-08 15:39:38,2019-10-08 16:01:22,39.871002000000004,21.8,1.8289450458715597,41.18972,21.8,1.8652184862385321,12,3,2
2019-10-08 15:39:46,2019-10-08 15:44:06,7.7827530000000005,4.4,1.7688074999999999,8.58814,4.4,1.8161018181818183,5,3,5
2019-10-08 15:44:42,2019-10-08 15:45:58,2.330664,1.3333333333333333,1.7479980000000002,2.41802,1.3333333333333333,1.7792122500000003,2,3,0
2019-10-08 15:44:50,2019-10-08 15:45:50,0.665904,1.0666666666666667,0.6242850000000001,1.16732,1.0666666666666667,1.09249875,1,2,1
2019-10-08 15:58:34,2019-10-08 16:01:02,2.3722830000000004,2.533333333333333,0.9364275000000002,3.21013,2.533333333333333,1.1664272368421054,1,2,1
2019-10-08 17:30:58,2019-10-08 17:43:54,48.111564,13.0,3.7008895384615386,49.527719999999995,13.0,3.720098307692308,8,6,2
2019-10-08 17:31:22,2019-10-08 17:32:18,1.9144740000000002,1.0,1.9144740000000002,2.20957,1.0,2.1225690000000004,4,4,0
2019-10-08 17:40:18,2019-10-08 17:41:10,1.956093,0.9333333333333333,2.095813928571429,2.20957,0.9333333333333333,2.229589285714286,1,4,0
2019-10-08 18:44:14,2019-10-08 18:53:34,11.736558,9.4,1.24857,15.50868,9.4,1.24857,3,2,5
2019-10-08 18:44:18,2019-10-08 18:45:42,3.038187,1.4666666666666666,2.071491136363637,3.08506,1.4666666666666666,2.071491136363637,1,4,0
2019-10-08 18:44:22,2019-10-08 18:45:18,0.6242850000000001,1.0,0.6242850000000001,1.12563,1.0,0.6242850000000001,0,1,1
2019-10-08 19:38:38,2019-10-08 19:56:18,33.128724000000005,17.733333333333334,1.8681611278195491,35.06129,17.733333333333334,1.8658141917293232,10,3,2
2019-10-08 19:38:42,2019-10-08 19:39:26,0.8323800000000001,0.8,1.040475,0.91718,0.8,1.040475,7,2,0
2019-10-08 19:38:50,2019-10-08 19:39:10,0.24971400000000002,0.4,0.624285,0.4169,0.4,1.040475,6,2,0
2019-10-08 19:47:06,2019-10-08 19:56:10,11.320368,9.133333333333333,1.2394563503649636,11.548129999999999,9.133333333333333,1.2394563503649636,6,2,5
2019-10-08 19:47:14,2019-10-08 19:49:46,2.9965680000000003,2.6,1.152526153846154,4.00224,2.6,1.2805846153846154,5,2,0
2019-10-08 20:11:50,2019-10-08 20:21:30,22.807212000000003,9.733333333333333,2.343206712328768,24.34696,9.733333333333333,2.4501048287671234,9,4,2
2019-10-08 20:14:02,2019-10-08 20:14:30,1.831236,0.5333333333333333,3.4335675,2.04281,0.5333333333333333,3.7457100000000003,0,9,3
2019-10-08 20:32:50,2019-10-08 20:46:54,32.005011,14.133333333333333,2.2645054952830193,36.06185,14.133333333333333,2.535421627358491,7,9,2
2019-10-08 20:33:10,2019-10-08 20:33:10,0.041619,0.06666666666666667,0.6242850000000001,0.04169,0.06666666666666667,0.6242850000000001,0,1,1
2019-10-09 05:22:54,2019-10-09 05:24:06,2.91333,1.2666666666666666,2.299997368421053,3.16844,1.2666666666666666,2.365711578947369,2,4,0
2019-10-09 05:23:14,2019-10-09 05:23:58,0.49942800000000004,0.8,0.624285,0.91718,0.8,0.624285,0,1,1
2019-10-09 06:20:50,2019-10-09 06:22:46,1.2485700000000002,2.0,0.6242850000000001,1.41746,2.0,0.6242850000000001,3,1,1
2019-10-09 06:20:50,2019-10-09 06:21:30,2.413902,0.7333333333333333,3.291684545454546,2.58478,0.7333333333333333,3.3484377272727275,2,8,3
2019-10-09 06:21:06,2019-10-09 06:21:14,0.12485700000000001,0.2,0.624285,0.20845,0.2,0.624285,0,1,1
2019-10-09 06:45:02,2019-10-09 06:54:34,11.944653,9.6,1.2442346875,15.8422,9.6,1.2529053125,3,2,5
2019-10-09 06:45:06,2019-10-09 06:46:10,1.290189,1.1333333333333333,1.1384020588235295,1.95943,1.1333333333333333,1.3220152941176473,2,2,0
2019-10-09 06:46:22,2019-10-09 06:46:34,0.166476,0.26666666666666666,0.6242850000000001,0.29183,0.26666666666666666,0.6242850000000001,0,1,1
2019-10-09 07:29:46,2019-10-09 07:31:54,5.368851,2.2,2.440386818181818,5.62815,2.2,2.4593045454545455,2,4,0
2019-10-09 07:29:50,2019-10-09 07:30:14,0.707523,0.4666666666666667,1.5161207142857143,1.08394,0.4666666666666667,1.9620385714285715,1,3,0
2019-10-09 07:38:58,2019-10-09 07:40:06,3.163044,1.2,2.63587,3.66872,1.2,2.9480125000000004,5,5,0
2019-10-09 07:39:14,2019-10-09 07:39:22,0.12485700000000001,0.2,0.624285,0.16676,0.2,0.624285,0,1,1
2019-10-09 08:32:50,2019-10-09 08:36:26,4.536471000000001,3.6666666666666665,1.2372193636363638,6.04505,3.6666666666666665,1.2599206363636366,3,2,0
2019-10-09 08:32:54,2019-10-09 08:33:18,0.37457100000000004,0.4666666666666667,0.8026521428571429,0.50028,0.4666666666666667,0.8918357142857144,1,2,1
